{
    "KBankHeader": {
		"funcNm": "ApplyCard",
		"rqUID":  "509_20181101_TestCase01S",
		"rqDt": "2019-03-22T11:43:18.546+07:00",
		"rqAppId":  "257",
		"userId": "Sudar",
    	"terminalId": "TerminalID",
    	"userLangPref": "userLangPref",
    	"corrID": "corrID",
    	"authUserId": "authUserId",
    	"authLevel": "authLevel"
    },
    "Body": {
		"tranDate": "20081027",    
		"tranTime": "112353",        
		"branchNo": "0744",         
		"userId": "K0318667",         
		"userLevel": "0" ,        
		"userAuth": "N/A" ,           
		"authLevel": "0" ,           
		"secondTime": "0" ,            
		"savingAccount": "7452000111",       
		"savingAccountBranch": "0745",
		"currentAccount": "7451016290", 
		"currentAccountBranch": "0745",
		"entryDate": "20090810",   
		"purposeFlag": "1",  
		"cardType": "99999", 
		"cardHavePhoto": "2",
		"cardTitleName": "นาย", 
		"cardSex":  "1",
		"cardThaiName": "สมชาย", 
		"cardThaiSurname": "ใจดี",
		"cardEngFullName": "SOMCHAI JAIDEE",
		"cardBirthday": "14052516",
		"cardDocType": "1",
		"cardDocNumber": "123456789012345",
		"cardAddress1": "22 อ.ปทุมวัน เฮ้าส์",
		"cardAddress2": "ซ.พระยาอุดม ",
		"cardAmphur": "ปทุมวั",
		"cardProvince": "กทม.",
		"cardZipCode": "10330",
		"cardHomePhone": "N/A",
		"cardOfficePhone": "N/A",
		"cardMobileNumber": "N/A",
		"cardPagerNumber": "N/A",  
		"cardEMail": "N/A", 
		"cardEntryFee": 100,
		"cardAnnualFee": 200,
		"cardDestBranch": "1",	
		"cardCustID": "6266519",
		"cardBarcode": "626651902",
		"cardIssueDate": "04/2009",
		"cardExpiredDate": "04/2014",
		"cardRef1": "N/A",
		"cardRef2": "N/A",
		"cardRef3": "N/A", 
		"cardFreeForm": "N/A",	
		"cardDueDate": "N/A", 
		"cardOldCard": "4283800987654345",
		"cardMain": "1",
		"cardDeliveryFee": 3700,
		"deductFeeFlag": "B",
		"cardDefaultEntryFee": 100,
		"cardDefaultAnnualFee": 200,
		"cardWaiveFeeCode": "", 
		"cardWaiveFeeReason": "N/A",
		"cardNumber" : "",
	    "purchaseLimit": 10000,
		"withdrawLimit" : 10000,
		"transferLimit" : 10000,
		"reverseFlag" : "N",
		"deductFeeAcctID" : "1234567890",
		"deductFeeAcctIDKbankProductCode": "111111111",
		"deductFeeAcctIDDomBranchID": "0005"
	}
}