{
    "KBankHeader": {
        "funcNm": "ApplyCard",
        "rqUID": "509_20181101_A935Fed8",
        "rsAppId": "772",
        "rsUID": "a935bed8-6dc3-4103-86d2",
        "rsDt": "2019-07-24T13:51:07.119+07:00",
        "statusCode": "00"
    },
    "Body": {
        "cardRandom": "1000000000000002236",
        "cardNumber": "",
        "cardMasking": "416205XXXXXX2161",
        "expiredDate": "0724",
        "branchNumber": "0744",
        "refNumber": "1900000010",
        "instantFlag": "0",
        "cardDesc": "N/A",
        "deductFeeAcctID": "1234567890",
        "deductFeeAcctIDKbankProductCode": "111111111",
        "deductFeeAcctIDDomBranchID": "0005"
    }
}