{
    "kbankHeader": {
        "funcNm": "CSM1001I01",
        "rqUID": "509_20190611_000000000000102", 
        "rqDt": "2019-02-21T11:46:10.401+07:00", 
        "rqAppId": "509",
        "userId": "KMP00001",
        "terminalId": "",
        "corrID": "",
        "authUserId": "",
        "authLevel": ""
    },
    "customerObj": {
        "num": "28260288",
        "docTp": "",
        "docId": "",
        "birthDt": "",
        "productCd": "",
        "productTp": "",
        "userId": "KMP00001",
        "formContentLangs": [
            {
                "lang": "th"
            },
            {
                "lang": "en"
            }        	
        ],
        "controllers": [
        	{
                "controllerId": "1"
            }            
        ],
        "inclPartnerFlag": "N",
        "formActionFlag": "",
        "formDerivedFlag": "N",
        "reConsentFlag": ""
    }
}